Country,7/15/26 - 8/11/26 Clicks,8/12/26 - 9/8/26 Clicks,7/15/26 - 8/11/26 Impressions,8/12/26 - 9/8/26 Impressions,7/15/26 - 8/11/26 CTR,8/12/26 - 9/8/26 CTR,7/15/26 - 8/11/26 Position,8/12/26 - 9/8/26 Position
Germany,0,0,18,4,0%,0%,79.44,59.75
United States,0,0,12,11,0%,0%,40.25,51.18
Philippines,0,0,5,0,0%,0%,33.8,0
Denmark,0,0,5,0,0%,0%,43.6,0
Romania,0,0,3,1,0%,0%,43.33,38
Russia,0,0,2,0,0%,0%,32,0
New Zealand,0,0,2,1,0%,0%,40,162
United Kingdom,0,0,2,1,0%,0%,41.5,34
Japan,0,0,2,0,0%,0%,41.5,0
Portugal,0,0,2,0,0%,0%,42,0
Serbia,0,0,2,0,0%,0%,42.5,0
Finland,0,0,2,0,0%,0%,44,0
Spain,0,0,2,2,0%,0%,74,57.5
Thailand,0,0,1,0,0%,0%,22,0
Slovakia,0,0,1,0,0%,0%,36,0
Australia,0,0,1,1,0%,0%,42,37
Sweden,0,0,1,0,0%,0%,46,0
Kenya,0,0,1,0,0%,0%,68,0
Morocco,0,0,1,0,0%,0%,170,0
Canada,0,0,0,3,0%,0%,0,58
Italy,0,0,0,3,0%,0%,0,71.33
Ireland,0,0,0,2,0%,0%,0,41
France,0,0,0,2,0%,0%,0,53.5
Austria,0,0,0,2,0%,0%,0,68.5
United Arab Emirates,0,0,0,1,0%,0%,0,41
Netherlands,0,0,0,1,0%,0%,0,42
Brazil,0,0,0,1,0%,0%,0,75
Nigeria,0,0,0,1,0%,0%,0,91