Top pages,Clicks,Impressions,CTR,Position
https://www.mosaic.photography/,330,4027,8.19%,15.57
https://www.mosaic.photography/photographers/moulin,4,45,8.89%,14.84
https://www.mosaic.photography/#community-section,0,205,0%,8.03
https://www.mosaic.photography/#gallery-section,0,205,0%,8.03
https://www.mosaic.photography/#our-photographers,0,205,0%,8.03
https://www.mosaic.photography/#toolkits,0,205,0%,8.03
https://www.mosaic.photography/photographers/von-plueschow,0,22,0%,47.64
https://www.mosaic.photography/faq,0,17,0%,5.82
https://www.mosaic.photography/toolkit/fine-art-america,0,9,0%,6.78
https://www.mosaic.photography/photographers/holland-day,0,8,0%,90.5
https://www.mosaic.photography/about,0,7,0%,2.86
https://www.mosaic.photography/photographers/cameron,0,4,0%,2.5
https://www.mosaic.photography/photographers/von-bucovich,0,4,0%,16.75
https://www.mosaic.photography/toolkit/retouch4me,0,3,0%,6.67
https://www.mosaic.photography/photographers/de-la-vaudere,0,3,0%,8
https://www.mosaic.photography/photographers/brigman,0,3,0%,28
https://www.mosaic.photography/photographers/stieglitz,0,2,0%,3
https://www.mosaic.photography/toolkit/amazon,0,2,0%,5
https://www.mosaic.photography/app,0,1,0%,2
https://www.mosaic.photography/toolkit/white-wall-de,0,1,0%,11