URL,Last crawled
https://www.mosaic.photography/photographers/cameron,2026-08-05
https://www.mosaic.photography/photographers/stieglitz,2026-07-23
https://www.mosaic.photography/photographers/brady,2026-07-08
https://www.mosaic.photography/photographers/weston,2026-06-19
https://cdn.mosaic.photography/fonts/TradeGothic-Bold.woff2,2026-06-16
https://www.mosaic.photography/photographers/von-gloeden,2026-06-15
https://www.mosaic.photography/photographers/durieu,2026-06-12
https://www.mosaic.photography/photographers/hudson-white,2026-06-12
https://www.mosaic.photography/legal/credits,2026-06-10
https://www.mosaic.photography/site.webmanifest,2026-06-07
https://cdn.mosaic.photography/fonts/TradeGothic-ExtraBold.woff2,2026-05-27
https://www.mosaic.photography/legal/privacy-policy,2026-05-18
https://www.mosaic.photography/legal/terms-of-service,2026-05-17