id,advertiser_id,type,title,description,affiliate_url,image_url,photographer_author,created_at,sort_order,featured,advertiser_name
032b8e49-3a56-4cbb-b684-865b58e5f1e7,cc28f048-85a8-4a33-832f-8493bf2b2131,book,"{""en"":""Collection Nu masculin""}","{""en"":""Von Gloeden et le XIXe siècle (Collection Nu masculin) — French edition exploring transnational 19th-century photography and artists; a valuable reference.""}",https://amzn.to/454eztJ,https://gdzqgrfitiixbhlhppef.supabase.co/storage/v1/object/public/store-public-images/wilhelm-von-gloeden/books/wilhelm-von-gloeden_two-children-met_year-1900_vertical_children_bw_not-nude_w400.webp,Baron Wilhelm Von Gloeden,2026-05-22 22:47:35.739865+00,0,false,Amazon
0d30f8d9-9c1c-4c67-a725-2032e799487f,cc28f048-85a8-4a33-832f-8493bf2b2131,book,"{""en"":""Photographs and Essays""}","{""en"":""Robert Demachy 1859-1936: Photographs and Essays — Hardcover (1974). First American edition with ~95 pages and ~50 black-and-white photographs; an essential monograph for collectors and historians.""}",https://amzn.to/3YuIFCY,https://gdzqgrfitiixbhlhppef.supabase.co/storage/v1/object/public/store-public-images/robert-demachy/books/robert-demachy-photographs-and-essays_book_.webp,Robert Demachy,2026-05-22 22:47:21.903503+00,0,false,Amazon
0d89733e-6b19-414a-a5f6-8f3a6708a38f,cc28f048-85a8-4a33-832f-8493bf2b2131,book,"{""en"":""Spanish edition""}","{""en"":""Gloeden, Pluschow, Galdi — Hardcover (Spanish edition). Collection showcasing work by Wilhelm von Gloeden, Guglielmo Plüschow and Vincenzo Galdi; richly illustrated volume for photography enthusiasts.""}",https://amzn.to/4iYZvDl,https://gdzqgrfitiixbhlhppef.supabase.co/storage/v1/object/public/store-public-images/wilhelm-von-plueschow/books/gloeden-plueschow-galdi-book-cover.webp,Wilhelm Von Plueschow,2026-05-22 22:47:29.781306+00,0,false,Amazon
1437fd9d-4635-41a5-8ed6-7d4067f771e5,cc28f048-85a8-4a33-832f-8493bf2b2131,book,"{""en"":""Exotic and decadent tales""}","{""en"":""Syta's Harem and Pharaoh's Lover — Paperback (June 30, 2020). Two exotic and decadent tales by Jane de La Vaudère, translated by Brian Stableford; richly atmospheric and provocative narratives.""}",https://amzn.to/3KYcetz,https://gdzqgrfitiixbhlhppef.supabase.co/storage/v1/object/public/store-public-images/la-vaudere/books/la-vaudere-sytas-harem-and-pharaons-lover_book.webp,Jane de La Vaudère,2026-05-22 22:47:25.398366+00,0,false,Amazon
18128565-c4b8-4bde-b359-b330de307756,b8998170-2ecb-47f6-b475-292d24957784,print,"{""en"":""Nude Study""}","{""en"":""Nude Study - Miss Mabel Cramer — photograph by Clarence Hudson White (uploaded Jun 29, 2019). Reproduction prints available.""}",https://fineartamerica.com/featured/nude-study-miss-mabel-cramer-clarence-hudson-white.html,https://gdzqgrfitiixbhlhppef.supabase.co/storage/v1/object/public/store-public-images/hudson-white/prints/clarence-hudson-white-nude-study-miss-mabel-cramer_print.webp,Clarence Hudson White,2026-05-22 22:47:18.876445+00,0,false,Fine Art America
18ab8941-f2f0-4153-84b8-bad37ce042d0,cc28f048-85a8-4a33-832f-8493bf2b2131,book,"{""en"":""Anne Brigman's Songs""}","{""en"":""Anne Brigman's Songs: Her Life, Her Photographs, Her Poems — Hardcover (Nov 15, 2025) by James L. Rhem. A biographical and photographic study tracing Brigman's life, creative practice, and writings.""}",https://amzn.to/44st2iV,https://gdzqgrfitiixbhlhppef.supabase.co/storage/v1/object/public/store-public-images/anne-brigmann/prints/anne-brigman_untitled-4_year-1910_vertical_female_bw_w400.webp,Anne Brigman,2026-05-22 22:47:27.82896+00,0,false,Amazon
18eb517d-6adb-45a6-89f8-ee3138a3a99d,c488af7e-a783-446f-8bbc-08680fd4789e,framing,"{""en"":""Canvas Print""}","{""en"":""Gallery-quality matte canvas prints.""}",https://tidd.ly/43yGW1T,https://cdn.mosaic.photography/advertisers/product_images/white-wall/leinwand-matt-teaser.webp,,2026-05-25 14:18:48.18641+00,0,false,White Wall
1923b35d-8b31-4a2a-a791-9e8630f6cd6d,c488af7e-a783-446f-8bbc-08680fd4789e,framing,"{""en"":""Acrylic Masterprint""}","{""en"":""High-end acrylic glass photo mounting.""}",https://tidd.ly/4dvjBEo,https://cdn.mosaic.photography/advertisers/product_images/white-wall/whitewall_acrylic.webp,,2026-05-25 14:18:48.18641+00,0,false,White Wall
1aa24cf4-f472-430a-8cc3-6facc3a30d4b,b8998170-2ecb-47f6-b475-292d24957784,print,"{""en"":""Untitled #1""}","{""en"":""Untitled #1 — photograph by Robert Demachy (uploaded Apr 13, 2015). Museum-quality prints and wall art options available for collectors.""}",https://fineartamerica.com/featured/1-untitled-robert-demachy.html,https://gdzqgrfitiixbhlhppef.supabase.co/storage/v1/object/public/store-public-images/robert-demachy/prints/robert-demachy-untitled_print.webp,Robert Demachy,2026-05-22 22:47:21.393892+00,0,false,Fine Art America
1aea8eab-cda6-44d7-8436-c213cb81bb85,cc28f048-85a8-4a33-832f-8493bf2b2131,book,"{""en"":""Classic Male Nude""}","{""en"":""Photographs of the Classic Male Nude — hardcover compilation (1977) featuring historic studio works and scholarly notes; excellent for collectors.""}",https://amzn.to/3XVGIPW,https://gdzqgrfitiixbhlhppef.supabase.co/storage/v1/object/public/store-public-images/wilhelm-von-gloeden/books/wilhelm-von-gloeden-photographs-of-the-classic-male-nude_book.webp,Baron Wilhelm Von Gloeden,2026-05-22 22:47:35.25561+00,0,false,Amazon
1d4d06f7-8f1b-4bf3-8e2f-f4c28b9e7d3c,38ec6ee6-0508-4914-8214-87ed53ee2102,tool,"{""en"":""Eyes Bundle""}","{""en"":""Enhances eyes by removing redness and adding clarity for a striking look.""}",https://tidd.ly/4dFuDWd,https://cdn.mosaic.photography/advertisers/product_images/retouch4me/retouch4me_eyebundle.webp,,2026-05-23 23:17:01.404824+00,5,true,Retouch4me
261f9cc2-65c6-454a-822f-19a96a073077,b8998170-2ecb-47f6-b475-292d24957784,print,"{""en"":""Ragazzo e ragazzo travestito""}","{""en"":""Ragazzo e ragazzo travestito da ragazza, Taormina (c.1906) — high-quality reproductions and framed prints for collectors.""}",https://fineartamerica.com/featured/ragazzo-e-ragazzo-travestito-da-ragazza-taormina-sicilia-c1906-vintage-photo-baron-wilhelm-von-gloeden.html,https://gdzqgrfitiixbhlhppef.supabase.co/storage/v1/object/public/store-public-images/wilhelm-von-gloeden/prints/wilhelm-von-gloeden-ragazzo-e-ragazzo-travestito-da-ragazza-taormina-sicilia-c1906_print.webp,Baron Wilhelm Von Gloeden,2026-05-22 22:47:34.767472+00,0,false,Fine Art America
2975aca9-679b-4471-bfce-5e9ba4391065,b8998170-2ecb-47f6-b475-292d24957784,print,"{""en"":""The Bubble""}","{""en"":""The Bubble (1906) — image by Anne Brigman (uploaded Aug 4, 2021). Available as museum-quality reproductions and framed prints; a signature Brigman work blending landscape and the figure.""}",https://fineartamerica.com/featured/the-bubble-1906-anne-brigman.html,https://gdzqgrfitiixbhlhppef.supabase.co/storage/v1/object/public/store-public-images/anne-brigmann/prints/the-bubble-1906-anne-brigman_print.webp,Anne Brigman,2026-05-22 22:47:25.879873+00,0,false,Fine Art America
2c0dc4fa-9ab2-4644-aa96-c496a03a6187,cc28f048-85a8-4a33-832f-8493bf2b2131,book,"{""en"":""Sammlung Uwe Scheid Aktaufnahmen""}","{""en"":""Galdi / Gloeden / Pluschow: Sammlung Uwe Scheid Aktaufnahmen (Bibliothek des Blicks, Band 3) — Hardcover (1993). German edition edited by Uwe Scheid; features photography by Vincenzo Galdi and Wilhelm von Gloeden; high-quality reprint for collectors.""}",https://amzn.to/4oWhf3M,https://gdzqgrfitiixbhlhppef.supabase.co/storage/v1/object/public/store-public-images/wilhelm-von-plueschow/books/wilhelm-von-gloeden_praying-boy-in-female-dress_year-1895_vertical_male_bw_not-nude_w400.webp,Wilhelm Von Plueschow,2026-05-22 22:47:29.291607+00,0,false,Amazon
2ec03387-aa9e-40b6-89d6-967dec04fae5,c488af7e-a783-446f-8bbc-08680fd4789e,framing,"{""en"":""WhiteWall Fine Art Prints""}","{""en"":""Gallery-quality photo prints, premium mountings, and custom frames.""}",https://tidd.ly/42SRIQn,https://cdn.mosaic.photography/advertisers/product_images/white-wall/whitewall_home.webp,,2026-05-22 23:23:13.310609+00,0,false,White Wall
348ecb05-7b80-4600-84c0-51374a8ac6ed,38ec6ee6-0508-4914-8214-87ed53ee2102,tool,"{""en"":""Mattifier""}","{""en"":""Detects and removes oily, unwanted shine from skin for a perfectly matte finish.""}",https://tidd.ly/42OqN8v,https://cdn.mosaic.photography/advertisers/product_images/retouch4me/retouch4me_mattifier.webp,,2026-05-23 22:39:46.89324+00,2,true,Retouch4me
354f22d1-184e-4a4c-a316-3d34526766a4,cc28f048-85a8-4a33-832f-8493bf2b2131,book,"{""en"":""Photographies d'apres des modeles poses""}","{""en"":""Photographies d'apres des modeles poses 1854 — French edition (reprint 2017). Leather-bound reprint of the 1854 edition; high-quality reproduction, resized and processed for readability.""}",https://amzn.to/4rUamCV,https://gdzqgrfitiixbhlhppef.supabase.co/storage/v1/object/public/store-public-images/eugene-durieu/books/eugene-durieu-photographies-d-apres-des-modeles-poses-1854_book.webp,Eugene Durieu,2026-05-22 22:47:32.806945+00,0,false,Amazon
3c60da4a-bc53-4d3d-8cfc-c978c61dd975,f4d6415c-07d8-4f8f-b760-27a48e2738af,print,"{""en"":""Wedding Portrait""}","{""en"":""A romantic and elegant wedding portrait, meticulously crafted to preserve cherished memories in a beautiful wall-art format.""}",https://tidd.ly/4nRQYoe,https://cdn.mosaic.photography/advertisers/product_images/poster-master/wedding-portrait.webp,,2026-05-28 16:48:41.263831+00,0,false,Poster Master
422e31dc-ddff-4131-9d09-cd61f4f4d166,c488af7e-a783-446f-8bbc-08680fd4789e,framing,"{""en"":""Fine Art Print""}","{""en"":""Premium gallery-quality fine art photo prints.""}",https://tidd.ly/4wUzrAa,https://cdn.mosaic.photography/advertisers/product_images/white-wall/whitewall_fineart.webp,,2026-05-25 14:18:48.18641+00,0,false,White Wall
458183dd-7352-42e7-a72f-0880d219597e,cc28f048-85a8-4a33-832f-8493bf2b2131,book,"{""en"":""Experience New York through Stieglitz's lens""}","{""en"":""Experience New York through Stieglitz's lens - a captivating volume of iconic urban photographs that capture mood, light and history. A must-have for anyone inspired by photography and the spirit of the city.""}",https://amzn.to/454MGBF,https://gdzqgrfitiixbhlhppef.supabase.co/storage/v1/object/public/store-public-images/alfred-stieglitz/books/alfred-stieglitz-new-york-bonnie-yochelson_book.webp,Alfred Stieglitz,2026-05-22 22:47:37.213513+00,0,false,Amazon
494eb241-ec53-4357-bf87-62713507f17e,1d2ed7d2-2e5a-4b96-b86c-9f85939b9efa,print,"{""en"":""Custom Single-Image Print""}","{""en"":""Personalized collage art featuring oversized printing options. Perfect for unique home décor.""}",https://tidd.ly/4wWl0eM,https://cdn.mosaic.photography/advertisers/product_images/big-wall-decor/custom-photo-collage_2.webp,,2026-05-28 17:01:30.907914+00,0,false,Big Wall Décor
581f7995-c21b-44c9-9467-973a9ebcf1ef,c488af7e-a783-446f-8bbc-08680fd4789e,framing,"{""en"":""Acrylic ArtBox Gift Edition""}","{""en"":""Premium Acrylic ArtBox in a gift-ready edition.""}",https://tidd.ly/4tX3X9J,https://cdn.mosaic.photography/advertisers/product_images/white-wall/whitewall_artbox.webp,,2026-05-25 14:20:22.724578+00,0,false,White Wall
6197f8d3-e1e7-4dea-b353-b717e0b9ea13,b8998170-2ecb-47f6-b475-292d24957784,print,"{""en"":""Soul of the Blasted Pine""}","{""en"":""Soul of the Blasted Pine (1908) — image by Anne Brigman (uploaded Aug 4, 2021). Pictorialist landscape photograph available as high-quality prints and décor for collectors.""}",https://fineartamerica.com/featured/soul-of-the-blasted-pine-1908-anne-brigman.html,https://gdzqgrfitiixbhlhppef.supabase.co/storage/v1/object/public/store-public-images/anne-brigmann/prints/anne-brigman_untitled_year-1912_horizontal_female_bw_not-nude_w400.webp,Anne Brigman,2026-05-22 22:47:26.368709+00,0,false,Fine Art America
662d3593-46b2-4c8e-a6c8-ef53fe25b1d4,cc28f048-85a8-4a33-832f-8493bf2b2131,book,"{""en"":""The Life and Photography of F. Holland Day""}","{""en"":""Through an Uncommon Lens: The Life and Photography of F. Holland Day — Hardcover (Oct 15, 2008). Biography and retrospective covering Day's life, publishing work, and influence on pictorial photography; richly illustrated.""}",https://amzn.to/4quZBFF,https://gdzqgrfitiixbhlhppef.supabase.co/storage/v1/object/public/store-public-images/holland-day/books/holland-day-life-and-photography_book.webp,Fred Holland Day,2026-05-22 22:47:20.380844+00,0,false,Amazon
7d7ce40e-afdc-41ef-b397-e9a4faf31370,38ec6ee6-0508-4914-8214-87ed53ee2102,tool,"{""en"":""Dodge & Burn""}","{""en"":""Automatically balances skin tones and adds professional depth to your portraits.""}",https://tidd.ly/3PYmYdS,https://cdn.mosaic.photography/advertisers/product_images/retouch4me/retouch4me_dodge_burn.webp,,2026-05-23 22:29:31.86434+00,1,true,Retouch4me
808d4836-d13b-467d-80ee-adbaebc70e62,c488af7e-a783-446f-8bbc-08680fd4789e,framing,"{""en"":""Photo Book""}","{""en"":""Professional-grade custom photo books.""}",https://tidd.ly/4fGwMUh,https://cdn.mosaic.photography/advertisers/product_images/white-wall/whitewall_photobook.webp,,2026-05-25 14:18:48.18641+00,0,false,White Wall
85664081-a5d0-41f0-9339-b36ebdb4c81c,38ec6ee6-0508-4914-8214-87ed53ee2102,tool,"{""en"":""Heal""}","{""en"":""Automatically removes skin imperfections while preserving natural skin texture.""}",https://tidd.ly/4uwKPjY,https://cdn.mosaic.photography/advertisers/product_images/retouch4me/retouch4me_heal.webp,,2026-05-23 23:15:48.874915+00,4,true,Retouch4me
868beed1-050c-4fd2-99c9-48167cd4391f,b8998170-2ecb-47f6-b475-292d24957784,print,"{""en"":""Rebecca Salsbury Strand""}","{""en"":""Rebecca Salsbury Strand (1922) - an elegant, timeless portrait rendered for collectors. Available as museum-quality prints and decor to enrich any photography collection.""}",https://fineartamerica.com/featured/rebecca-salsbury-strand-1922-alfred-stieglitz.html,https://gdzqgrfitiixbhlhppef.supabase.co/storage/v1/object/public/store-public-images/alfred-stieglitz/prints/alfred-stieglitz-rebecca-salsbury-strand-1922_print.webp,Alfred Stieglitz,2026-05-22 22:47:38.222097+00,0,false,Fine Art America
88619ef0-0c4e-454a-87db-797af7055e15,b8998170-2ecb-47f6-b475-292d24957784,print,"{""en"":""Nude — photograph by Eugene Durieu""}","{""en"":""Nude — photograph by Eugene Durieu. High-quality print options for collectors and display.""}",https://fineartamerica.com/featured/nude-eugene-durieu.html,https://gdzqgrfitiixbhlhppef.supabase.co/storage/v1/object/public/store-public-images/eugene-durieu/prints/nude-study-by-jean-louis-marie-eugene-durieu-sad-hill-bizarre-los-angeles-archive.webp,Eugene Durieu,2026-05-22 22:47:33.788889+00,0,false,Fine Art America
8b8658b2-eebb-4cbb-b895-7744bf4ebe52,cc28f048-85a8-4a33-832f-8493bf2b2131,book,"{""en"":""Edward Weston: The Early Years""}","{""en"":""Edward Weston: The Early Years — Hardcover (June 19, 2018). Explores Weston's early, painterly experiments and development prior to his mature modernist work; essential for understanding his artistic evolution.""}",https://amzn.to/451UvYV,https://gdzqgrfitiixbhlhppef.supabase.co/storage/v1/object/public/store-public-images/edward-weston/books/edward-weston-the-early-years_book.webp,Edward Weston,2026-05-22 22:47:32.313914+00,0,false,Amazon
933a4b57-3cfb-4c27-8eeb-8d4737d91c38,38ec6ee6-0508-4914-8214-87ed53ee2102,tool,"{""en"":""Professional AI Retouching Suite""}","{""en"":""Experience the next level of editing with our featured AI toolset.""}",https://tidd.ly/42RV46k,https://cdn.mosaic.photography/advertisers/product_images/retouch4me/retouch4me_1080x1080.webp,,2026-05-22 23:25:22.73421+00,0,false,Retouch4me
98756458-44bf-415d-8ab9-b10aea0448fa,b8998170-2ecb-47f6-b475-292d24957784,print,"{""en"":""Les Baigneuses""}","{""en"":""Les Baigneuses — photograph by Felix-Jacques Moulin (uploaded Dec 21, 2014). High-quality reproductions and framed print options available for collectors.""}",https://fineartamerica.com/featured/les-baigneuses-felix-jacques-moulin.html,https://gdzqgrfitiixbhlhppef.supabase.co/storage/v1/object/public/store-public-images/jaques-moulin/prints/moulin_femme-en-melhafa_year-1856_vertical_female_bw_not-nude_w400.webp,Felix Jacques Moulin,2026-05-22 22:47:22.896303+00,0,false,Fine Art America
99a19145-3d41-4a5a-a531-a31c89e53e69,cc28f048-85a8-4a33-832f-8493bf2b2131,book,"{""en"":""Museum-quality set""}","{""en"":""Own the definitive two-volume Key Set - an elegant boxed collection showcasing Stieglitz's most powerful photographs. Perfect for collectors and photography lovers seeking a comprehensive museum-quality set.""}",https://amzn.to/48WaPf4,https://gdzqgrfitiixbhlhppef.supabase.co/storage/v1/object/public/store-public-images/alfred-stieglitz/books/alfred-stieglitz-collection-of-photographs_book.webp,Alfred Stieglitz,2026-05-22 22:47:36.735464+00,0,false,Amazon
9b713e9e-b27c-4201-8d35-4d633bc139fc,f4d6415c-07d8-4f8f-b760-27a48e2738af,print,"{""en"":""Captured Portrait""}","{""en"":""A sophisticated and timeless portrait piece, capturing raw emotion and artistic depth for any interior setting.""}",https://tidd.ly/4uKddiQ,https://cdn.mosaic.photography/advertisers/product_images/poster-master/captured-portrait.webp,,2026-05-28 16:48:07.644073+00,0,false,Poster Master
9fe48278-c3de-450a-b343-2187dee496dd,cc28f048-85a8-4a33-832f-8493bf2b2131,book,"{""en"":""Impressions de Normandie""}","{""en"":""Robert Demachy: Impressions de Normandie — Paperback (June 17, 2016, French edition). A study of Demachy's work in Normandy and his leadership in the French pictorialist movement; richly illustrated and historically valuable.""}",https://amzn.to/4pxYUuW,https://gdzqgrfitiixbhlhppef.supabase.co/storage/v1/object/public/store-public-images/robert-demachy/books/robert-demachy-impressions-der-normandie_book_.webp,Robert Demachy,2026-05-22 22:47:22.404867+00,0,false,Amazon
a384a7f3-0651-4a37-879a-e138e7116f51,b8998170-2ecb-47f6-b475-292d24957784,print,"{""en"":""The Ring Toss""}","{""en"":""Clarence Hudson White — The Ring Toss (1899). Fine Art America reproduction available as prints and framed options.""}",https://fineartamerica.com/featured/white-the-ring-toss-1899-granger.html,https://gdzqgrfitiixbhlhppef.supabase.co/storage/v1/object/public/store-public-images/hudson-white/prints/clarence-hudson-white-the-ring-toss-1899-granger_print.webp,Clarence Hudson White,2026-05-22 22:47:18.367366+00,0,false,Fine Art America
a4a72136-74f3-4fcf-a3ec-dc829174ff03,1d2ed7d2-2e5a-4b96-b86c-9f85939b9efa,print,"{""en"":""Visual Sequence""}","{""en"":""Craft a personalized collage with our oversized print options. High-impact wall art for any space.""}",https://tidd.ly/4wWl0eM,https://cdn.mosaic.photography/advertisers/product_images/big-wall-decor/custom-photo-collage_3_not-nude.webp,,2026-05-28 17:01:30.907914+00,0,false,Big Wall Décor
a4d323af-b926-4469-8d8b-6a7f91d69364,cc28f048-85a8-4a33-832f-8493bf2b2131,book,"{""en"":""Berlin 1928: Das Gesicht der Stadt""}","{""en"":""Berlin 1928: Das Gesicht der Stadt — German edition (Paperback, 1992) by Mario von Bucovich. A photographic portrait of Berlin in 1928 capturing the city's urban character and historical atmosphere; valuable for historians and collectors of early 20th-century photography.""}",https://amzn.to/490othh,https://gdzqgrfitiixbhlhppef.supabase.co/storage/v1/object/public/store-public-images/von-bucovic/books/von-bucovic-berlin-1928_book.webp,Mario von Bucovich,2026-05-22 22:47:28.316701+00,0,false,Amazon
a4f1aef0-7f46-4d6e-b762-c3023600b368,f4d6415c-07d8-4f8f-b760-27a48e2738af,print,"{""en"":""Heartwarming Portrait""}","{""en"":""A beautiful and emotive artwork piece, perfect for adding warmth and character to any home or office space.""}",https://tidd.ly/4u41Zo3,https://gdzqgrfitiixbhlhppef.supabase.co/storage/v1/object/public/store-public-images/edward-weston/prints/edward-weston-flowing-drapes-in-monochromecabbage-leaf_print.webp,,2026-05-28 16:44:37.635027+00,0,false,Poster Master
a80b0fa1-135d-4c31-aa3d-63278d6f7918,38ec6ee6-0508-4914-8214-87ed53ee2102,tool,"{""en"":""Clean Backdrop""}","{""en"":""Automatically detects and removes sensor dust, dirt, and wrinkles from your backdrops.""}",https://tidd.ly/4umxVVA,https://cdn.mosaic.photography/advertisers/product_images/retouch4me/retouch4me_cleanbackdrop.webp,,2026-05-23 22:43:56.521399+00,3,true,Retouch4me
aca0e76a-3a1b-490e-bd51-8d8024d0fe2c,cc28f048-85a8-4a33-832f-8493bf2b2131,book,"{""en"":""Discover Alfred Stieglitz's groundbreaking Camera Work""}","{""en"":""Discover Alfred Stieglitz's groundbreaking Camera Work - a beautifully curated multilingual hardcover collecting iconic photographs and essays. Explore images that shaped modern photography and own a timeless collector's edition.""}",https://amzn.to/4aiZTKK,https://gdzqgrfitiixbhlhppef.supabase.co/storage/v1/object/public/store-public-images/alfred-stieglitz/books/alfred-stieglitz-camera-work_book.webp,Alfred Stieglitz,2026-05-22 22:47:36.225536+00,0,false,Amazon
af714dc3-e6cd-41a8-be90-995c9ec7e14d,cc28f048-85a8-4a33-832f-8493bf2b2131,book,"{""en"":""Anne Brigman: A Visionary in Modern Photography""}","{""en"":""Anne Brigman: A Visionary in Modern Photography — Hardcover (Apr 22, 2020). Catalogue of the major retrospective exploring Brigman's pioneering role as a feminist and pictorialist photographer.""}",https://amzn.to/4oUJNuk,https://gdzqgrfitiixbhlhppef.supabase.co/storage/v1/object/public/store-public-images/anne-brigmann/books/anne-brigmann-a-visionary-of-modern-photography_book.webp,Anne Brigman,2026-05-22 22:47:27.343848+00,0,false,Amazon
b1e2a2e8-9254-4ac0-b828-2fd31bf85cf8,cc28f048-85a8-4a33-832f-8493bf2b2131,print,"{""en"":""Felix Jacques Moulin Female Nude""}","{""en"":""Global Gallery Budget GCS-455086-30-142 — Felix Jacques Moulin Female Nude (1856) Gallery Wrap Giclee on Canvas Print Wall Art. Affordable gallery-wrap canvas reproductions and framed options.""}",https://www.amazon.com/Global-Gallery-GCS-455086-30-142-Jacques-Moulin/dp/B01K7QH1Z8/,https://gdzqgrfitiixbhlhppef.supabase.co/storage/v1/object/public/store-public-images/jaques-moulin/prints/000_aaa_moulin_portrait_felix-jacques-moulin_year-1848_vertical_male_bw_w400.webp,Felix Jacques Moulin,2026-05-22 22:47:23.895825+00,0,false,Amazon
b1f8aa3d-6c82-4a99-b65f-7bdcba8b82e9,b8998170-2ecb-47f6-b475-292d24957784,print,"{""en"":""The Crucifixion""}","{""en"":""The Crucifixion — photograph. Reproduction prints and framed options available from Fine Art America.""}",https://fineartamerica.com/featured/the-crucifixion-granger.html,https://gdzqgrfitiixbhlhppef.supabase.co/storage/v1/object/public/store-public-images/holland-day/prints/holland-day-the-crucifixion-granger_print.webp,Fred Holland Day,2026-05-22 22:47:19.389279+00,0,false,Fine Art America
b2b051c8-965a-4ed7-8619-7136d097d589,cc28f048-85a8-4a33-832f-8493bf2b2131,book,"{""en"":""Pictorial Photography in America 1920""}","{""en"":""Pictorial Photography in America 1920 — Kindle Edition. This edition was converted from its physical edition to digital by a community of volunteers; purchase of the Kindle edition includes wireless delivery.""}",https://amzn.to/454huTd,https://gdzqgrfitiixbhlhppef.supabase.co/storage/v1/object/public/store-public-images/hudson-white/books/clarence-hudson-white-pictorial-photographers-of-america_book.webp,Clarence Hudson White,2026-05-22 22:47:17.597361+00,0,false,Amazon
bc1d0228-675a-4fdc-aef1-1d94c96b7f4d,b8998170-2ecb-47f6-b475-292d24957784,print,"{""en"":""Flowing Drapes in Monochrome""}","{""en"":""Flowing Drapes in Monochrome — Cabbage Leaf by Edward Weston. Fine Art America reproduction available as museum-quality prints and framed options.""}",https://fineartamerica.com/featured/flowing-drapes-in-monochromecabbage-leaf-edward-weston.html,https://gdzqgrfitiixbhlhppef.supabase.co/storage/v1/object/public/store-public-images/edward-weston/prints/edward-weston-flowing-drapes-in-monochromecabbage-leaf_print.webp,Edward Weston,2026-05-22 22:47:30.781973+00,0,false,Fine Art America
c057862b-c94c-4434-8723-2a0541255702,cc28f048-85a8-4a33-832f-8493bf2b2131,book,"{""en"":""Sicilien Beautés / Sicilian Beauties""}","{""en"":""Wilhelm von Gloeden, von Plüschow, Galdi — Sicilien Beautés / Sicilian Beauties (French-English edition) — Hardcover (2014). Bilingual illustrated volume featuring classic Sicilian studio portraits and historical commentary.""}",https://amzn.to/48VVKKr,https://gdzqgrfitiixbhlhppef.supabase.co/storage/v1/object/public/store-public-images/wilhelm-von-plueschow/books/wilhelm-von-plueschow-book-sicilien-beauties_book.webp,Wilhelm Von Plueschow,2026-05-22 22:47:30.285221+00,0,false,Amazon
c24aeadf-c723-40c3-b8ce-c7c7800e7a0b,cc28f048-85a8-4a33-832f-8493bf2b2131,book,"{""en"":""The Flame of Recognition""}","{""en"":""Edward Weston: The Flame of Recognition — Sixtieth Anniversary Edition (Paperback, July 1, 2025). A classic monograph bringing together images and excerpts from Weston's writing that present his feeling for life with photographic beauty.""}",https://amzn.to/3MBj7Bv,https://gdzqgrfitiixbhlhppef.supabase.co/storage/v1/object/public/store-public-images/edward-weston/books/edward-weston-the-flame-of-recognition_book.webp,Edward Weston,2026-05-22 22:47:31.78651+00,0,false,Amazon
c697514a-b91f-4963-9f86-ea2bfc2feb86,b8998170-2ecb-47f6-b475-292d24957784,print,"{""en"":""On The Coast In Brittany""}","{""en"":""On The Coast In Brittany — drawing attributed to Artokoloro after Robert Demachy (uploaded Jan 2, 2017). Available as high-quality reproductions and framed prints.""}",https://fineartamerica.com/featured/on-the-coast-in-brittany-robert-demachy-artokoloro.html,https://gdzqgrfitiixbhlhppef.supabase.co/storage/v1/object/public/store-public-images/robert-demachy/prints/robert-demachy-artokoloro-on-the-coast-in-brittany_print.webp,Robert Demachy,2026-05-22 22:47:20.891742+00,0,false,Fine Art America
c8ad58ff-e859-4da5-9dc3-b3ace5c5f5d2,cc28f048-85a8-4a33-832f-8493bf2b2131,book,"{""en"":""Anne Brigman: The Photographer of Enchantment""}","{""en"":""Anne Brigman: The Photographer of Enchantment — Hardcover (June 23, 2020) by Kathleen Pyne. A comprehensive study of Brigman's life and work, tracing her feminist, pictorialist vision and its influence on modern photography.""}",https://amzn.to/4aQsqHK,https://gdzqgrfitiixbhlhppef.supabase.co/storage/v1/object/public/store-public-images/anne-brigmann/books/anne-brigmann-the-photographer-of-enchantment_book.webp,Anne Brigman,2026-05-22 22:47:26.847723+00,0,false,Amazon
cff70686-aab9-4b11-92d8-64e561048525,b8998170-2ecb-47f6-b475-292d24957784,print,"{""en"":""Day — Saint Sebastia""}","{""en"":""Day — Saint Sebastian (c.1906). Photograph uploaded Jun 12, 2017; available as museum-quality prints and decor.""}",https://fineartamerica.com/featured/day-saint-sebastian-c1906-granger.html,https://gdzqgrfitiixbhlhppef.supabase.co/storage/v1/object/public/store-public-images/holland-day/prints/holland-day-saint-sebastian-c1906-granger_print.webp,Fred Holland Day,2026-05-22 22:47:19.885241+00,0,false,Fine Art America
d4209837-ea88-4091-8fa7-9917be2d1c47,b8998170-2ecb-47f6-b475-292d24957784,print,"{""en"":""Nude Study""}","{""en"":""Nude Study by Jean-Louis-Marie-Eugene Durieu — photograph (uploaded Feb 10, 2023) available as fine art reproductions and prints.""}",https://fineartamerica.com/featured/nude-study-by-jean-louis-marie-eugene-durieu-sad-hill-bizarre-los-angeles-archive.html,https://gdzqgrfitiixbhlhppef.supabase.co/storage/v1/object/public/store-public-images/eugene-durieu/prints/nude-eugene-durieu.webp,Eugene Durieu,2026-05-22 22:47:33.300457+00,0,false,Fine Art America
d4a9c492-7859-4fb2-8cf7-89d21673a690,cc28f048-85a8-4a33-832f-8493bf2b2131,book,"{""en"":""Resurrecting Jane de La Vaudère""}","{""en"":""Resurrecting Jane de La Vaudère: Literary Shapeshifter of the Belle Époque — Paperback (Aug 27, 2024). Sharon Larson's study recovering the life, persona, and literary influence of Jane de La Vaudère, with biography and critical analysis.""}",https://amzn.to/4pPUVKc,https://gdzqgrfitiixbhlhppef.supabase.co/storage/v1/object/public/store-public-images/la-vaudere/books/la-vaudere-resurrecting-jane-de-la-vaudere_book.webp,Jane de La Vaudère,2026-05-22 22:47:24.40834+00,0,false,Amazon
d70faafe-ec98-4e4e-a4bf-5292e77ed4b9,b8998170-2ecb-47f6-b475-292d24957784,print,"{""en"":""Streamlined Silver Form — Nautilus""}","{""en"":""Streamlined Silver Form — Nautilus by Edward Weston. Fine Art America reproduction available as prints and decor for collectors.""}",https://fineartamerica.com/featured/streamlined-silver-formnautilus-edward-weston.html,https://gdzqgrfitiixbhlhppef.supabase.co/storage/v1/object/public/store-public-images/edward-weston/prints/edward-weston-streamlined-silver-form_print.webp,Edward Weston,2026-05-22 22:47:31.30113+00,0,false,Fine Art America
d743ad19-513e-49c0-b9c2-804229a7f383,c488af7e-a783-446f-8bbc-08680fd4789e,framing,"{""en"":""Wooden Frame""}","{""en"":""Elegant custom frames with wooden finish.""}",https://tidd.ly/49gWif4,https://cdn.mosaic.photography/advertisers/product_images/white-wall/whitewall_woodframe.webp,,2026-05-25 14:18:48.18641+00,0,false,White Wall
d78ac77e-c803-4e67-8900-81882f8e4362,b8998170-2ecb-47f6-b475-292d24957784,print,"{""en"":""Taormina""}","{""en"":""Taormina (c.1926) by Baron Wilhelm von Gloeden — vintage portrait available as museum-quality fine art prints and home decor.""}",https://fineartamerica.com/featured/taormina-2-c1926-vintage-photo-baron-wilhelm-von-gloeden.html,https://gdzqgrfitiixbhlhppef.supabase.co/storage/v1/object/public/store-public-images/wilhelm-von-gloeden/prints/wilhelm-von-gloeden-taormina-2-c1926_print.webp,Baron Wilhelm Von Gloeden,2026-05-22 22:47:34.283044+00,0,false,Fine Art America
dbbd3d48-6cb1-4477-8046-5ecb7a93615d,b8998170-2ecb-47f6-b475-292d24957784,print,"{""en"":""Nu Feminin, Etude""}","{""en"":""Nu Feminin, Etude, c1850 — vintage photograph by Felix Jacques Antoine Moulin (uploaded Feb 10, 2023). Available as museum-quality prints and wall art.""}",https://fineartamerica.com/featured/2-nu-feminin-etude-c1850-vintage-photo-felix-jacques-antoine-moulin.html,https://gdzqgrfitiixbhlhppef.supabase.co/storage/v1/object/public/store-public-images/jaques-moulin/prints/moulin_a-moorish-woman-with-her-maid_year-1856_horizontal_mixed-genders_bw_not-nude_w400.webp,Felix Jacques Moulin,2026-05-22 22:47:23.38583+00,0,false,Fine Art America
dd859aae-7b80-4b66-8349-3ed64766588c,cc28f048-85a8-4a33-832f-8493bf2b2131,book,"{""en"":""Paris. Das Gesicht der Stadte""}","{""en"":""Paris. Das Gesicht der Stadte — Hardcover (First German edition, 1928) by Mario v. Bucovich; essay by Paul Morand. Landmark visual study of Paris with historic photographs and contextual essays; a key volume for enthusiasts of interwar urban photography.""}",https://amzn.to/44ZrDk2,https://gdzqgrfitiixbhlhppef.supabase.co/storage/v1/object/public/store-public-images/von-bucovic/books/von-bucovic-paris_book.webp,Mario von Bucovich,2026-05-22 22:47:28.806042+00,0,false,Amazon
f5a11cfa-a7aa-473c-a453-2fe718669ec6,cc28f048-85a8-4a33-832f-8493bf2b2131,book,"{""en"":""The Demi-Sexes and The Androgynes""}","{""en"":""The Demi-Sexes and The Androgynes — Paperback (June 12, 2018). Two novels by Jane de La Vaudère presented in English for the first time in Brian Stableford's translation; provocative fin-de-siècle fiction exploring transgressive themes.""}",https://amzn.to/3KMtCS2,https://gdzqgrfitiixbhlhppef.supabase.co/storage/v1/object/public/store-public-images/la-vaudere/books/la-vaudere-the-demi-sexes-and-the-androgynes_book.webp,Jane de La Vaudère,2026-05-22 22:47:24.901981+00,0,false,Amazon
f7460a91-572c-46b8-b078-d9735c7698a2,b8998170-2ecb-47f6-b475-292d24957784,print,"{""en"":""The Torso""}","{""en"":""The Torso (1909) - a haunting photogravure that celebrates form and atmosphere. High-quality fine art prints and home pieces bring this intimate Stieglitz image into your space.""}",https://fineartamerica.com/featured/the-torso-1909-photogravure-alfred-white-clarence-stieglitz.html,https://gdzqgrfitiixbhlhppef.supabase.co/storage/v1/object/public/store-public-images/alfred-stieglitz/prints/alfred-white-clarence-stieglitz-the-torso-1909-photogravure_print.webp,Alfred Stieglitz,2026-05-22 22:47:37.730896+00,0,false,Fine Art America
f9be8eea-3750-46be-89ad-ff8e2a32064e,1d2ed7d2-2e5a-4b96-b86c-9f85939b9efa,print,"{""en"":""Custom Four-Panel Print""}","{""en"":""Create your own personalized collage using your favorite images. High-quality oversized printing.""}",https://tidd.ly/4wWl0eM,https://cdn.mosaic.photography/advertisers/product_images/big-wall-decor/custom-photo-collage_not-nude.webp,,2026-05-28 17:01:30.907914+00,0,false,Big Wall Décor
fb90a510-123f-4a87-a2fc-05c0ae352aea,cc28f048-85a8-4a33-832f-8493bf2b2131,book,"{""en"":""Clarence H. White and His World: The Art and Craft of Photography""}","{""en"":""Clarence H. White and His World: The Art and Craft of Photography, 1895–1925 — Restoring a gifted art photographer to his place in the American canon and, in the process, reshaping and expanding our understanding of early 20th-century American photography. Clarence H. White (1871–1925) was one of the most influential art photographers and teachers of the early 20th century and a founding member of the Photo-Secession. This beautiful publication offers a new appraisal of White’s contributions, including his groundbreaking aesthetic experiments, his commitment to the ideals of American socialism, and his embrace of the expanding fields of photographic book and fashion illustration, celebrity portraiture, and advertising. Based on extensive archival research, the book challenges the idea of an abrupt rupture between prewar, soft-focus idealizing.""}",https://amzn.to/4pMubKY,https://gdzqgrfitiixbhlhppef.supabase.co/storage/v1/object/public/store-public-images/hudson-white/books/clarence-hudson-white-and-his-world-art-and-craft_book.webp,Clarence Hudson White,2026-05-22 22:47:17.069234+00,0,false,Amazon