Country,5/29/26 - 6/25/26 Clicks,6/26/26 - 7/23/26 Clicks,5/29/26 - 6/25/26 Impressions,6/26/26 - 7/23/26 Impressions,5/29/26 - 6/25/26 CTR,6/26/26 - 7/23/26 CTR,5/29/26 - 6/25/26 Position,6/26/26 - 7/23/26 Position
United States,142,33,1596,448,8.9%,7.37%,6.49,20.13
United Kingdom,33,2,268,38,12.31%,5.26%,7.63,36.32
France,20,1,101,5,19.8%,20%,6.36,23.4
Canada,18,3,176,22,10.23%,13.64%,5.51,19.14
Germany,17,1,146,13,11.64%,7.69%,5.6,35.54
Netherlands,15,1,112,7,13.39%,14.29%,4.75,39.43
Japan,9,0,65,0,13.85%,0%,4.42,0
India,8,1,198,6,4.04%,16.67%,6.52,34.83
Italy,8,0,64,2,12.5%,0%,6.09,26.5
Australia,7,0,95,6,7.37%,0%,6.22,43.5
Poland,6,3,41,5,14.63%,60%,5.51,4
Brazil,5,0,77,5,6.49%,0%,6.03,12.6
Czechia,4,0,33,1,12.12%,0%,6.03,140
New Zealand,4,0,13,0,30.77%,0%,4.85,0
Russia,3,0,43,3,6.98%,0%,4.86,68.67
Israel,3,0,15,1,20%,0%,4.2,53
Spain,2,1,38,13,5.26%,7.69%,4.79,8.23
Mexico,2,0,35,1,5.71%,0%,4.97,6
Bangladesh,2,0,26,3,7.69%,0%,3.42,32.67
Iran,2,0,23,0,8.7%,0%,5.57,0
Norway,2,0,20,0,10%,0%,7.05,0
Ireland,2,0,17,0,11.76%,0%,6.65,0
Greece,2,0,15,3,13.33%,0%,4.53,40
Denmark,2,0,14,2,14.29%,0%,4.57,14
Pakistan,2,0,10,1,20%,0%,6.7,4
Oman,2,0,5,0,40%,0%,6.2,0
Latvia,2,0,4,0,50%,0%,3.5,0
Nepal,2,0,4,0,50%,0%,5.75,0
Ukraine,1,0,26,2,3.85%,0%,7,55.5
Indonesia,1,0,25,3,4%,0%,6.24,46
China,1,0,24,0,4.17%,0%,6.5,0
Switzerland,1,0,22,0,4.55%,0%,5.09,0
Finland,1,0,22,3,4.55%,0%,5.23,36.67
Sweden,1,0,22,2,4.55%,0%,8,28.5
Hungary,1,0,17,0,5.88%,0%,5.29,0
Austria,1,0,15,3,6.67%,0%,6.67,32.67
Romania,1,0,13,0,7.69%,0%,4,0
Portugal,1,0,13,1,7.69%,0%,9.85,21
Chile,1,0,11,3,9.09%,0%,3.82,26.33
Malaysia,1,0,11,1,9.09%,0%,4.36,113
Singapore,1,0,10,0,10%,0%,4.7,0
Morocco,1,0,8,1,12.5%,0%,2.25,48
United Arab Emirates,1,0,6,4,16.67%,0%,2.67,3
Slovakia,1,0,6,0,16.67%,0%,4.33,0
Puerto Rico,1,0,6,0,16.67%,0%,5.17,0
Iraq,1,0,6,1,16.67%,0%,5.33,77
Sri Lanka,1,0,5,0,20%,0%,7,0
Croatia,1,0,4,0,25%,0%,6.25,0
Lebanon,1,0,3,0,33.33%,0%,3,0
Qatar,1,0,1,0,100%,0%,1,0
Guernsey,1,0,1,0,100%,0%,2,0
Guadeloupe,1,0,1,0,100%,0%,3,0
Turkey,0,0,21,1,0%,0%,4.62,4
Belgium,0,0,19,1,0%,0%,4.11,4
Philippines,0,0,18,5,0%,0%,5.28,58
Argentina,0,0,18,0,0%,0%,5.72,0
South Korea,0,0,17,1,0%,0%,4.53,100
Thailand,0,0,17,0,0%,0%,4.82,0
Taiwan,0,0,13,0,0%,0%,5.08,0
Vietnam,0,0,13,6,0%,0%,7.08,32.83
Egypt,0,0,10,1,0%,0%,3.8,43
South Africa,0,0,10,0,0%,0%,5.3,0
Ecuador,0,0,9,0,0%,0%,7.67,0
Colombia,0,0,8,0,0%,0%,4.75,0
Bulgaria,0,0,7,0,0%,0%,2.86,0
Syria,0,0,7,0,0%,0%,5,0
Serbia,0,0,6,1,0%,0%,2.83,1
Venezuela,0,0,6,1,0%,0%,5.83,5
Kenya,0,0,6,0,0%,0%,6.33,0
Bosnia & Herzegovina,0,0,5,0,0%,0%,4.6,0
Hong Kong,0,0,5,0,0%,0%,5.8,0
Palestine,0,0,4,0,0%,0%,5.5,0
Costa Rica,0,0,4,0,0%,0%,6,0
Jersey,0,0,4,0,0%,0%,6,0
Algeria,0,0,4,1,0%,0%,7,45
Bolivia,0,0,3,2,0%,0%,1.67,26
Peru,0,0,3,0,0%,0%,3.67,0
Dominican Republic,0,0,3,0,0%,0%,4.33,0
Belarus,0,0,3,0,0%,0%,5,0
Albania,0,0,3,1,0%,0%,5.67,79
Saudi Arabia,0,0,3,0,0%,0%,6,0
Cambodia,0,0,3,0,0%,0%,6.33,0
Tunisia,0,0,3,0,0%,0%,6.67,0
Estonia,0,0,2,0,0%,0%,2.5,0
Lithuania,0,0,2,0,0%,0%,4,0
Nigeria,0,0,2,0,0%,0%,7,0
Uzbekistan,0,0,2,0,0%,0%,8,0
Moldova,0,0,2,0,0%,0%,8.5,0
Myanmar (Burma),0,0,2,0,0%,0%,10,0
Tajikistan,0,0,2,0,0%,0%,10.5,0
French Polynesia,0,0,1,0,0%,0%,1,0
Haiti,0,0,1,0,0%,0%,2,0
Isle of Man,0,0,1,0,0%,0%,2,0
Paraguay,0,0,1,1,0%,0%,2,51
Barbados,0,0,1,0,0%,0%,3,0
Cyprus,0,0,1,0,0%,0%,3,0
Ethiopia,0,0,1,0,0%,0%,3,0
Georgia,0,0,1,0,0%,0%,3,0
Belize,0,0,1,0,0%,0%,4,0
Laos,0,0,1,0,0%,0%,4,0
Kosovo,0,0,1,0,0%,0%,4,0
Luxembourg,0,0,1,0,0%,0%,5,0
Cuba,0,0,1,0,0%,0%,6,0
Azerbaijan,0,0,1,0,0%,0%,8,0
Jordan,0,0,1,0,0%,0%,8,0
Malta,0,0,1,0,0%,0%,9,0
Guatemala,0,0,1,0,0%,0%,10,0
Bahamas,0,0,1,0,0%,0%,11,0
Guyana,0,0,1,1,0%,0%,11,8