Top queries,5/29/26 - 6/25/26 Clicks,6/26/26 - 7/23/26 Clicks,5/29/26 - 6/25/26 Impressions,6/26/26 - 7/23/26 Impressions,5/29/26 - 6/25/26 CTR,6/26/26 - 7/23/26 CTR,5/29/26 - 6/25/26 Position,6/26/26 - 7/23/26 Position
vintage nude photography,36,13,228,138,15.79%,9.42%,2.43,5.43
vintage nude photo,7,0,82,7,8.54%,0%,3.29,48.71
vintage nude photographs,7,0,35,3,20%,0%,3.8,55
classic nude photography,4,0,55,6,7.27%,0%,6,60.17
vintage nude photos,3,0,31,4,9.68%,0%,5.61,67
old nude photography,3,0,13,6,23.08%,0%,3.92,6.83
nude photo archive,2,0,20,0,10%,0%,6.25,0
historic nude photos,2,0,19,0,10.53%,0%,7.37,0
vintage nude art photography,2,0,6,0,33.33%,0%,5,0
nudist photo archive,2,1,5,7,40%,14.29%,10.4,42.14
retro nude photography,1,0,27,23,3.7%,0%,5.48,15.39
historical nude photos,1,0,27,1,3.7%,0%,6.33,52
photo archive nude,1,0,24,0,4.17%,0%,5.29,0
nude photography vintage,1,1,23,7,4.35%,14.29%,3.3,8.14
vintage nude photoshoot,1,0,23,1,4.35%,0%,4.91,45
public domain nudity,1,0,14,0,7.14%,0%,2.57,0
public domain nude photography,1,1,13,9,7.69%,11.11%,2.23,5
nude photography public,1,0,13,0,7.69%,0%,5.69,0
vintage nudist photography,1,0,12,10,8.33%,0%,2.08,6.9
vintage public nudes,1,0,10,0,10%,0%,8.5,0
nude picture archive,1,0,7,0,14.29%,0%,13.29,0
vintage nude gallery,1,0,6,0,16.67%,0%,5,0
classic nude photo,1,0,6,3,16.67%,0%,7.5,53.33
early nude photographs,1,0,4,0,25%,0%,6.5,0
antique nude photos,1,0,4,1,25%,0%,7,53
vintage nude galleries,1,0,4,0,25%,0%,8.5,0
nudist picture archive,1,0,2,0,50%,0%,10,0
public nude photography,0,0,25,1,0%,0%,5.28,78
naked picture archive,0,0,20,2,0%,0%,8.45,9.5
nude archive,0,0,8,0,0%,0%,6.88,0
nude vintage photography,0,0,6,0,0%,0%,2.17,0
public domain nudes,0,0,6,3,0%,0%,3.83,11.67
classical nude photography,0,0,6,0,0%,0%,12.33,0
nude vintage photo,0,0,5,1,0%,0%,4,49
the bold domain nude,0,0,5,0,0%,0%,5.4,0
old nude photographs,0,0,5,1,0%,0%,9.2,51
nude pic archive,0,0,5,0,0%,0%,11.6,0
vintage nude portraits,0,0,4,0,0%,0%,6.25,0
classic nude photographs,0,0,4,1,0%,0%,10,54
nude archives,0,0,4,5,0%,0%,12,210.6
nude mosaic,0,0,4,0,0%,0%,14.75,0
julia margaret cameron nude,0,0,3,0,0%,0%,1.33,0
photography nude classic iconic,0,0,3,5,0%,0%,2.67,75.6
nude vintage gallery,0,0,3,1,0%,0%,4,61
vintage nudes gallery,0,0,3,0,0%,0%,4.33,0
nude photo vintage,0,0,3,1,0%,0%,4.67,84
mosaic nude,0,0,3,0,0%,0%,6,0
nude public photography,0,0,3,0,0%,0%,6,0
nude arşiv,0,0,3,0,0%,0%,6.67,0
vintage photo nude,0,0,3,2,0%,0%,6.67,47.5
classical nude photo,0,0,3,0,0%,0%,27.67,0
vintage nude pictures,0,2,2,7,0%,28.57%,5,19
vintage public nudity,0,0,2,0,0%,0%,5,0
retro nude photo,0,0,2,0,0%,0%,6,0
vintage nude picture,0,0,2,1,0%,0%,6,62
nude vintage photos,0,0,2,0,0%,0%,6.5,0
nude archiv,0,0,2,1,0%,0%,7,108
vintage nudist photo galleries,0,0,2,0,0%,0%,7,0
early nude photography,0,0,2,2,0%,0%,8,88.5
1800s nude photography,0,0,2,0,0%,0%,8.5,0
nude photo collection,0,0,2,0,0%,0%,8.5,0
nude photography in public,0,0,2,0,0%,0%,9,0
nude photos vintage,0,0,2,0,0%,0%,9,0
pioneers of artistic nude photography,0,0,2,0,0%,0%,9,0
controversial nude photographs,0,0,2,1,0%,0%,17,71
archive nude pics,0,0,2,1,0%,0%,17.5,61
white wall photography,0,0,2,0,0%,0%,54,0
old nude photo,0,0,1,0,0%,0%,1,0
vintage artistic nude,0,0,1,0,0%,0%,3,0
vintage naked photo,0,0,1,0,0%,0%,3,0
nude in public photography,0,0,1,0,0%,0%,4,0
retro public nudity,0,0,1,0,0%,0%,4,0
vintage public nude,0,0,1,0,0%,0%,4,0
classic nude photos,0,0,1,0,0%,0%,7,0
copyright nude,0,0,1,0,0%,0%,7,0
naturist photo archive,0,0,1,1,0%,0%,8,32
nudes archive,0,0,1,0,0%,0%,9,0
vintage nude portrait,0,0,1,0,0%,0%,9,0
nude arşivi,0,0,1,0,0%,0%,10,0
nude photography collection,0,0,1,0,0%,0%,10,0
pioneers of nude photography,0,0,1,0,0%,0%,10,0
nude photo collections,0,0,1,0,0%,0%,11,0
vintage nude in public,0,0,1,0,0%,0%,14,0
history of classical nude photography,0,0,1,0,0%,0%,19,0
nude database,0,0,1,0,0%,0%,21,0
erotic nude photography vintage,0,0,1,0,0%,0%,26,0
1930 nude photos,0,0,1,1,0%,0%,31,44
uncensoreddom (images or pics or gallery or album),0,0,1,0,0%,0%,31,0
nude photography sites,0,0,1,0,0%,0%,33,0
archives nude,0,0,1,0,0%,0%,39,0
alfred stieglitz nudes,0,0,1,0,0%,0%,41,0
photographic nudes,0,0,1,0,0%,0%,41,0
photographer stieglitz,0,0,1,0,0%,0%,70,0
anne brigman photographer,0,0,1,0,0%,0%,76,0
alfred stieglitz,0,0,1,0,0%,0%,79,0
alfred stieglitz famous photos,0,0,1,0,0%,0%,79,0
anne brigman photography,0,0,1,0,0%,0%,81,0
anne brigman photos,0,0,1,0,0%,0%,81,0
julia margaret cameron self portrait,0,0,1,0,0%,0%,82,0
stieglitz photographs,0,0,1,0,0%,0%,84,0
stieglitz photos,0,0,1,0,0%,0%,86,0
julia margaret cameron,0,0,1,0,0%,0%,88,0
stieglitz photo,0,0,1,0,0%,0%,89,0
alfred stieglitz most famous photos,0,0,1,0,0%,0%,96,0
stieglitz,0,0,1,0,0%,0%,97,0
julia cameron photography,0,0,1,0,0%,0%,99,0
julian margaret cameron,0,0,1,0,0%,0%,99,0
alte akt bilder kostenlos,0,0,0,6,0%,0%,0,83.67
classic vintage nude photos,0,0,0,4,0%,0%,0,53.5
von pluschow,0,0,0,3,0%,0%,0,64.33
pluschow,0,0,0,2,0%,0%,0,62.5
guglielmo plüschow,0,0,0,2,0%,0%,0,69.5
vintage nude images,0,0,0,1,0%,0%,0,6
vintage nudes pictures,0,0,0,1,0%,0%,0,16
nude vintage picture,0,0,0,1,0%,0%,0,48
plüschow,0,0,0,1,0%,0%,0,56
old photos of nudes,0,0,0,1,0%,0%,0,57
nudist gallery vintage,0,0,0,1,0%,0%,0,60
wilhelm plüschow,0,0,0,1,0%,0%,0,60
vintage nude pics,0,0,0,1,0%,0%,0,61
guglielmo von plüschow,0,0,0,1,0%,0%,0,67
uncensored nude photography,0,0,0,1,0%,0%,0,78
unzensierte fotogallerie,0,0,0,1,0%,0%,0,88