Top queries,Clicks,Impressions,CTR,Position
vintage nude photography,204,2040,10%,4.73
public domain nudes,14,109,12.84%,5.97
public domain nude photography,12,199,6.03%,6.69
nude photography vintage,9,120,7.5%,6.53
classic nude photography,8,230,3.48%,12.54
vintage nude photo,7,111,6.31%,12.57
vintage nude photographs,7,57,12.28%,10.96
vintage nude art photography,7,53,13.21%,9.79
vintage nude pictures,6,60,10%,10.5
vintage nude photos,4,67,5.97%,27.67
nude photo archive,4,59,6.78%,8.88
retro nude photography,3,111,2.7%,10.96
vintage nudist photography,3,72,4.17%,6.25
nude vintage photography,3,53,5.66%,5.57
old nude photography,3,42,7.14%,9.05
nudist photo archive,3,16,18.75%,36.62
vintage nude photoshoot,2,31,6.45%,8.32
historic nude photos,2,26,7.69%,12.04
vintage nude public,2,18,11.11%,10
classic nude photo,2,14,14.29%,22.64
early nude photographs,2,9,22.22%,21.78
von pluschow,2,7,28.57%,46.29
pluschow nudes,2,4,50%,22.25
public domain nude art,2,3,66.67%,6
photo archive nude,1,47,2.13%,6.64
historical nude photos,1,43,2.33%,11.7
nude photography public,1,37,2.7%,7.19
domain nude,1,29,3.45%,8.28
nude in public photography,1,25,4%,35.8
vintage public nudes,1,18,5.56%,8.28
public domain nudity,1,16,6.25%,2.88
nude picture archive,1,12,8.33%,22.83
vintage nude gallery,1,11,9.09%,6.18
wilhelm von plüschow nude,1,10,10%,5.1
vintage photo nude,1,10,10%,22.3
vintage nude in public,1,9,11.11%,13
antique nude photos,1,7,14.29%,25
vintage nude galleries,1,6,16.67%,23.5
nude photography archive,1,5,20%,7.6
nudist picture archive,1,3,33.33%,16.33
nude photography collection,1,2,50%,19
wilhelm von plüschow photos,1,1,100%,20
wilhelm von pluschow photos,1,1,100%,58
vintage amateur nude photos,1,1,100%,63
porn image archive,1,1,100%,64
public nude photography,0,88,0%,9.15
free public erotic photography galleries,0,31,0%,8.48
naked picture archive,0,29,0%,8.86
classical nude photography,0,20,0%,16.65
nude archive,0,17,0%,37.12
nude archives,0,17,0%,122.12
photography nude classic iconic,0,16,0%,51.56
controversial nude photographs,0,12,0%,56.42
vintage nude picture,0,11,0%,32.64
mosaic photography,0,11,0%,46.91
vintage naked photos,0,11,0%,81.36
nude photo archives,0,9,0%,8.78
nude vintage photo,0,9,0%,9.89
classic vintage nude photos,0,9,0%,35.22
mosaic nude,0,8,0%,16.25
nude in public gallery,0,8,0%,31.25
vintage nude photograph,0,7,0%,13.57
nude pic archive,0,7,0%,14.29
old nude photographs,0,7,0%,14.57
classic nude photoshoot,0,7,0%,16.71
nude photo vintage,0,7,0%,30.86
classic nude photos,0,7,0%,33.14
copyright nude,0,6,0%,9.5
nude mosaic,0,6,0%,26.83
early nude photography,0,6,0%,60.83
alte akt bilder kostenlos,0,6,0%,83.67
the bold domain nude,0,5,0%,5.4
nude public photography,0,5,0%,6.4
vintage public nude,0,5,0%,7.6
classic nude photographs,0,5,0%,18.8
nude vintage gallery,0,5,0%,25.2
alfred stieglitz nudes,0,5,0%,40.8
nude vintage photos,0,5,0%,44.8
nude vintage picture,0,5,0%,48
guglielmo plüschow,0,5,0%,56.6
anne brigman,0,5,0%,59.4
artistic nude photography public domain,0,4,0%,6.25
vintage nude portraits,0,4,0%,6.25
guglielmo plüschow nude,0,4,0%,7.75
anne brigman nude,0,4,0%,8.25
wilhelm von plueschow,0,4,0%,10
old nude photo,0,4,0%,27.5
classical nude photo,0,4,0%,28.75
vintage nude portrait,0,4,0%,29.25
pluschow,0,4,0%,53
photographic mosaic,0,4,0%,65
fred holland day,0,4,0%,82.75
nude art photography,0,4,0%,94
julia margaret cameron nude,0,3,0%,1.33
vintage nudes gallery,0,3,0%,4.33
vintage nude people,0,3,0%,6.33
nude arşiv,0,3,0%,6.67
1800s nude photography,0,3,0%,8.33
nude art in public,0,3,0%,8.33
nude photography in public,0,3,0%,9.33
vintage naked pic,0,3,0%,11.67
nude public gallery,0,3,0%,16
retro nude photo,0,3,0%,24.33
wilhelm von pluschow,0,3,0%,25.33
naturist photo archive,0,3,0%,27
archive nude pics,0,3,0%,32
nude in public photo,0,3,0%,33
vintage artistic nudes,0,3,0%,33.67
nude archiv,0,3,0%,40.67
nude vintage pictures,0,3,0%,41
guglielmo pluschow,0,3,0%,49.33
oldest nude photo,0,3,0%,53
nude vintage pics,0,3,0%,53.33
high quality nude art photography,0,3,0%,69.67
jp moulin photography,0,3,0%,71.67
early nude photos,0,3,0%,72
nude in public picture,0,3,0%,78
vintage nude pics,0,3,0%,79.67
stieglitz,0,3,0%,90.33
"""wilhelm von gloeden""",0,2,0%,2
vintage public nudity,0,2,0%,5
vintage nudist photo galleries,0,2,0%,7
anne brigman nudes,0,2,0%,8.5
more moulin nude,0,2,0%,8.5
nude photo collection,0,2,0%,8.5
nude photos vintage,0,2,0%,9
photomosaic porn,0,2,0%,9
pioneers of artistic nude photography,0,2,0%,9
vintage nude modeling,0,2,0%,9
1800 nude photos,0,2,0%,14.5
vintage nudes pictures,0,2,0%,14.5
nude pic public,0,2,0%,21.5
nude old photo,0,2,0%,28
classic nude men,0,2,0%,29
vintage naked pictures,0,2,0%,29
erotic nude photography vintage,0,2,0%,30
guglielmo plüschow photos,0,2,0%,34
historical nude photography,0,2,0%,35
1930 nude photos,0,2,0%,37.5
vintage pics nude,0,2,0%,40
pluschow photography,0,2,0%,45.5
plüschow,0,2,0%,51.5
white wall photography,0,2,0%,54
earliest nude photos,0,2,0%,54.5
naked vintage photos,0,2,0%,55
earliest nude photographs,0,2,0%,55.5
classic nude pictures,0,2,0%,56.5
old photos of nudes,0,2,0%,56.5
nude photography gallery,0,2,0%,60
photographic nudes,0,2,0%,62
vintage porn photography,0,2,0%,66.5
"gallery,gallery,gallery,gallery,gallery,gallery,gallery,gallery,gallery,gallery,nudist,archive",0,2,0%,71
anne brigman photographer,0,2,0%,72
anne w brigman,0,2,0%,72
alfred stieglitz photography,0,2,0%,72.5
nudes archives,0,2,0%,75
anne brigman photography,0,2,0%,75.5
stieglitz alfred,0,2,0%,78
nude italian men pics,0,2,0%,78.5
free nude picture art,0,2,0%,81.5
most famous nude photographs in history,0,2,0%,86
alfred stieglitz,0,2,0%,89.5
f holland day,0,2,0%,92.5
fine art nude photography public domain,0,1,0%,2
alguna foto de referencia?,0,1,0%,3
vintage artistic nude,0,1,0%,3
vintage naked photo,0,1,0%,3
retro public nudity,0,1,0%,4
public nude art,0,1,0%,5
vintage nude images,0,1,0%,6
old photo nude,0,1,0%,7
nude vintage,0,1,0%,8
retro nude art,0,1,0%,8
vintage nudes,0,1,0%,8
nude art public,0,1,0%,9
nudes archive,0,1,0%,9
nude arşivi,0,1,0%,10
pioneers of nude photography,0,1,0%,10
vintage naturist gallery,0,1,0%,10
vintage nude,0,1,0%,10
nude photo collections,0,1,0%,11
free nude art,0,1,0%,13
1930s nude photography,0,1,0%,15
vintage nude boy pics,0,1,0%,15
vintage nude male pictures,0,1,0%,17
vintage nude male photography,0,1,0%,18
free artistic nude photography websites,0,1,0%,19
history of classical nude photography,0,1,0%,19
nude database,0,1,0%,21
nude photography project,0,1,0%,27
antique nude photography,0,1,0%,28
pluschow nude,0,1,0%,28
piracy photography nude,0,1,0%,29
wilhelm von plüschow,0,1,0%,29
uncensoreddom (images or pics or gallery or album),0,1,0%,31
nude photography sites,0,1,0%,33
stieglitz shoes,0,1,0%,37
archives nude,0,1,0%,39
mario von bucovich,0,1,0%,46
plüschow wilhelm,0,1,0%,46
naturist photo archives,0,1,0%,48
retro nude galleries,0,1,0%,48
oldest nude photograph,0,1,0%,50
oldest nude picture,0,1,0%,50
vintage nudes pic,0,1,0%,53
nude pics archive,0,1,0%,55
oldest nude photos,0,1,0%,55
oldest nude pic,0,1,0%,56
retro nude photos,0,1,0%,57
retro nude pictures,0,1,0%,58
nude classic pics,0,1,0%,60
nude photography images,0,1,0%,60
nudist gallery vintage,0,1,0%,60
wilhelm plüschow,0,1,0%,60
nude photography galleries,0,1,0%,65
artistic nude photographs,0,1,0%,66
classic nude pics,0,1,0%,66
nude photograph,0,1,0%,66
nude pics vintage,0,1,0%,66
black male nude photography,0,1,0%,67
guglielmo von plüschow,0,1,0%,67
first nude photographs,0,1,0%,69
photographer stieglitz,0,1,0%,70
nude photographs,0,1,0%,74
photography art nude,0,1,0%,75
classic nude pic,0,1,0%,76
uncensored nude photography,0,1,0%,78
alfred stieglitz famous photos,0,1,0%,79
explicit nude photography,0,1,0%,79
anne brigman photos,0,1,0%,81
early nude pics,0,1,0%,81
julia margaret cameron photos,0,1,0%,82
julia margaret cameron self portrait,0,1,0%,82
alfred stieglitz pictures,0,1,0%,84
nude photography history,0,1,0%,84
stieglitz photographs,0,1,0%,84
nude photo galleries,0,1,0%,85
stieglitz photos,0,1,0%,86
julia margaret cameron photo,0,1,0%,87
julia margaret cameron,0,1,0%,88
unzensierte fotogallerie,0,1,0%,88
stieglitz photo,0,1,0%,89
nude black male photography,0,1,0%,91
nude male gallery,0,1,0%,91
classy nude photography,0,1,0%,92
nude photography site,0,1,0%,92
holland day,0,1,0%,93
adultmosaic,0,1,0%,94
nude photography websites,0,1,0%,94
alfred stieglitz most famous photos,0,1,0%,96
nude woman public,0,1,0%,96
artistic male nude photography,0,1,0%,97
young nude art photo,0,1,0%,97
julia margaret cameron portrait,0,1,0%,98
nude male photographers,0,1,0%,98
julia cameron photography,0,1,0%,99
julia margaret,0,1,0%,99
julian margaret cameron,0,1,0%,99
vintage nudes photos,0,1,0%,130