Country,8/24/26 - 9/11/26 Clicks,9/12/26 - 9/30/26 Clicks,8/24/26 - 9/11/26 Impressions,9/12/26 - 9/30/26 Impressions,8/24/26 - 9/11/26 CTR,9/12/26 - 9/30/26 CTR,8/24/26 - 9/11/26 Position,9/12/26 - 9/30/26 Position
United States,0,0,6,5,0%,0%,45.83,67.8
Italy,0,0,2,0,0%,0%,30,0
Ireland,0,0,2,0,0%,0%,41,0
France,0,0,2,0,0%,0%,53.5,0
Canada,0,0,2,0,0%,0%,58.5,0
Germany,0,0,2,0,0%,0%,78,0
United Kingdom,0,0,1,2,0%,0%,34,189.5
Australia,0,0,1,0,0%,0%,37,0
Romania,0,0,1,0,0%,0%,38,0
United Arab Emirates,0,0,1,0,0%,0%,41,0
Netherlands,0,0,1,0,0%,0%,42,0
Spain,0,0,1,0,0%,0%,43,0
India,0,0,1,0,0%,0%,45,0
Austria,0,0,1,0,0%,0%,67,0
Brazil,0,0,1,2,0%,0%,75,74
Nigeria,0,0,1,0,0%,0%,91,0
Czechia,0,0,0,2,0%,0%,0,35
Ukraine,0,0,0,1,0%,0%,0,34
Puerto Rico,0,0,0,1,0%,0%,0,50
Japan,0,0,0,1,0%,0%,0,85
Finland,0,0,0,1,0%,0%,0,88