Top pages,7/15/26 - 8/11/26 Clicks,8/12/26 - 9/8/26 Clicks,7/15/26 - 8/11/26 Impressions,8/12/26 - 9/8/26 Impressions,7/15/26 - 8/11/26 CTR,8/12/26 - 9/8/26 CTR,7/15/26 - 8/11/26 Position,8/12/26 - 9/8/26 Position
https://www.mosaic.photography/,42,45,489,708,8.59%,6.36%,22.22,37.93
https://www.mosaic.photography/#community-section,0,0,52,30,0%,0%,8.33,8.47
https://www.mosaic.photography/#gallery-section,0,0,52,30,0%,0%,8.33,8.47
https://www.mosaic.photography/#our-photographers,0,0,52,30,0%,0%,8.33,8.47
https://www.mosaic.photography/#toolkits,0,0,52,30,0%,0%,8.33,8.47
https://www.mosaic.photography/photographers/von-plueschow,0,0,12,5,0%,0%,56.58,23
https://www.mosaic.photography/faq,0,0,5,4,0%,0%,1.2,5.25
https://www.mosaic.photography/about,0,0,4,3,0%,0%,2.75,3
https://www.mosaic.photography/toolkit/fine-art-america,0,0,2,2,0%,0%,7,4.5
https://www.mosaic.photography/photographers/stieglitz,0,0,1,1,0%,0%,3,3
https://www.mosaic.photography/photographers/cameron,0,0,1,0,0%,0%,4,0
https://www.mosaic.photography/toolkit/retouch4me,0,0,1,1,0%,0%,5,5
https://www.mosaic.photography/photographers/de-la-vaudere,0,0,1,2,0%,0%,8,8
https://www.mosaic.photography/photographers/moulin,0,0,1,7,0%,0%,10,60.86
https://www.mosaic.photography/photographers/holland-day,0,0,0,8,0%,0%,0,90.5
https://www.mosaic.photography/toolkit/amazon,0,0,0,2,0%,0%,0,5
https://www.mosaic.photography/photographers/von-bucovich,0,0,0,2,0%,0%,0,25.5
https://www.mosaic.photography/app,0,0,0,1,0%,0%,0,2
https://www.mosaic.photography/photographers/brigman,0,0,0,1,0%,0%,0,2