Top queries,7/15/26 - 8/11/26 Clicks,8/12/26 - 9/8/26 Clicks,7/15/26 - 8/11/26 Impressions,8/12/26 - 9/8/26 Impressions,7/15/26 - 8/11/26 CTR,8/12/26 - 9/8/26 CTR,7/15/26 - 8/11/26 Position,8/12/26 - 9/8/26 Position
vintage nude photography,12,11,121,104,9.92%,10.58%,4.35,7.52
public domain nude photography,1,0,6,3,16.67%,0%,10.5,13.67
early nude photographs,1,0,1,0,100%,0%,148,0
vintage nudist photography,0,0,10,1,0%,0%,8,62
retro nude photography,0,0,9,7,0%,0%,11.11,29.43
public domain nudes,0,0,8,6,0%,0%,6,2.67
vintage nude pictures,0,4,8,42,0%,9.52%,20.5,7.45
controversial nude photographs,0,0,7,2,0%,0%,71.57,64.5
vintage nude photo,0,0,5,8,0%,0%,55,61.88
vintage naked photos,0,0,5,6,0%,0%,107.4,59.67
classic nude photography,0,0,4,6,0%,0%,47.25,56.67
nude archives,0,0,4,6,0%,0%,149.5,113.83
vintage nude photograph,0,0,3,1,0%,0%,8,51
nude photography vintage,0,0,3,2,0%,0%,9,8
von pluschow,0,0,3,0,0%,0%,64.33,0
vintage nude photos,0,1,3,17,0%,5.88%,74.33,61.29
photography nude classic iconic,0,0,3,3,0%,0%,83.33,75
naked picture archive,0,0,2,6,0%,0%,9.5,9.83
nudist photo archive,0,0,2,3,0%,0%,40,74.67
vintage nude photographs,0,0,2,2,0%,0%,51,56.5
nude photo vintage,0,0,2,1,0%,0%,56.5,5
historical nude photos,0,0,2,1,0%,0%,57,55
guglielmo plüschow,0,0,2,0,0%,0%,69.5,0
nude picture archive,0,0,2,0,0%,0%,71,0
most famous nude photographs in history,0,0,2,0,0%,0%,86,0
1930 nude photos,0,0,1,0,0%,0%,44,0
antique nude photos,0,0,1,1,0%,0%,45,49
nude vintage picture,0,0,1,3,0%,0%,48,48
vintage nude picture,0,0,1,2,0%,0%,48,63.5
nude vintage photo,0,0,1,0,0%,0%,49,0
oldest nude picture,0,0,1,0,0%,0%,50,0
vintage nude art photography,0,3,1,6,0%,50%,50,29.67
old nude photographs,0,0,1,0,0%,0%,51,0
classic nude photo,0,0,1,1,0%,0%,52,57
classic vintage nude photos,0,0,1,0,0%,0%,52,0
vintage nude galleries,0,0,1,1,0%,0%,53,54
oldest nude photo,0,0,1,2,0%,0%,55,52
nude in public photography,0,0,1,6,0%,0%,57,60.17
nude archive,0,0,1,8,0%,0%,59,64.62
nude classic pics,0,0,1,0,0%,0%,60,0
nude photography gallery,0,0,1,0,0%,0%,60,0
pluschow,0,0,1,0,0%,0%,60,0
wilhelm plüschow,0,0,1,0,0%,0%,60,0
nude vintage pictures,0,0,1,1,0%,0%,63,56
public nude photography,0,0,1,0,0%,0%,67,0
nudes archives,0,0,1,1,0%,0%,74,76
unzensierte fotogallerie,0,0,1,0,0%,0%,88,0
early nude photography,0,0,1,2,0%,0%,92,86
nude vintage photos,0,0,1,2,0%,0%,98,56.5
nude photography collection,0,1,0,1,0%,100%,0,28
vintage amateur nude photos,0,1,0,1,0%,100%,0,63
porn image archive,0,1,0,1,0%,100%,0,64
old nude photography,0,0,0,10,0%,0%,0,13.4
nude vintage pics,0,0,0,3,0%,0%,0,53.33
classic nude photos,0,0,0,3,0%,0%,0,60
high quality nude art photography,0,0,0,3,0%,0%,0,69.67
jp moulin photography,0,0,0,3,0%,0%,0,71.67
early nude photos,0,0,0,3,0%,0%,0,72
vintage photo nude,0,0,0,2,0%,0%,0,48
old nude photo,0,0,0,2,0%,0%,0,49.5
earliest nude photos,0,0,0,2,0%,0%,0,54.5
naked vintage photos,0,0,0,2,0%,0%,0,55
earliest nude photographs,0,0,0,2,0%,0%,0,55.5
classic nude pictures,0,0,0,2,0%,0%,0,56.5
historic nude photos,0,0,0,2,0%,0%,0,62.5
nude photo archive,0,0,0,2,0%,0%,0,66.5
"gallery,gallery,gallery,gallery,gallery,gallery,gallery,gallery,gallery,gallery,nudist,archive",0,0,0,2,0%,0%,0,71
vintage nudes pictures,0,0,0,1,0%,0%,0,13
nudist picture archive,0,0,0,1,0%,0%,0,29
naturist photo archive,0,0,0,1,0%,0%,0,41
mario von bucovich,0,0,0,1,0%,0%,0,46
plüschow wilhelm,0,0,0,1,0%,0%,0,46
naturist photo archives,0,0,0,1,0%,0%,0,48
retro nude galleries,0,0,0,1,0%,0%,0,48
oldest nude photograph,0,0,0,1,0%,0%,0,50
nude old photo,0,0,0,1,0%,0%,0,51
historical nude photography,0,0,0,1,0%,0%,0,52
nude vintage gallery,0,0,0,1,0%,0%,0,53
vintage nudes pic,0,0,0,1,0%,0%,0,53
vintage naked pictures,0,0,0,1,0%,0%,0,54
nude pics archive,0,0,0,1,0%,0%,0,55
oldest nude photos,0,0,0,1,0%,0%,0,55
vintage nude public,0,0,0,1,0%,0%,0,55
old photos of nudes,0,0,0,1,0%,0%,0,56
oldest nude pic,0,0,0,1,0%,0%,0,56
retro nude photos,0,0,0,1,0%,0%,0,57
retro nude pictures,0,0,0,1,0%,0%,0,58
nude photography images,0,0,0,1,0%,0%,0,60
retro nude photo,0,0,0,1,0%,0%,0,61
vintage nude photoshoot,0,0,0,1,0%,0%,0,62
classic nude photoshoot,0,0,0,1,0%,0%,0,65
nude photography galleries,0,0,0,1,0%,0%,0,65
artistic nude photographs,0,0,0,1,0%,0%,0,66
classic nude pics,0,0,0,1,0%,0%,0,66
nude photograph,0,0,0,1,0%,0%,0,66
nude pics vintage,0,0,0,1,0%,0%,0,66
first nude photographs,0,0,0,1,0%,0%,0,69
mosaic nude,0,0,0,1,0%,0%,0,69
vintage pics nude,0,0,0,1,0%,0%,0,69
classical nude photography,0,0,0,1,0%,0%,0,70
nude mosaic,0,0,0,1,0%,0%,0,71
nude photographs,0,0,0,1,0%,0%,0,74
photography art nude,0,0,0,1,0%,0%,0,75
vintage artistic nudes,0,0,0,1,0%,0%,0,75
classic nude pic,0,0,0,1,0%,0%,0,76
explicit nude photography,0,0,0,1,0%,0%,0,79
photographic nudes,0,0,0,1,0%,0%,0,83
nude photography history,0,0,0,1,0%,0%,0,84
vintage nude portrait,0,0,0,1,0%,0%,0,86
holland day,0,0,0,1,0%,0%,0,93
nude photography websites,0,0,0,1,0%,0%,0,94
fred holland day,0,0,0,1,0%,0%,0,97
f holland day,0,0,0,1,0%,0%,0,100
vintage nudes photos,0,0,0,1,0%,0%,0,130