Top pages,8/24/26 - 9/11/26 Clicks,9/12/26 - 9/30/26 Clicks,8/24/26 - 9/11/26 Impressions,9/12/26 - 9/30/26 Impressions,8/24/26 - 9/11/26 CTR,9/12/26 - 9/30/26 CTR,8/24/26 - 9/11/26 Position,9/12/26 - 9/30/26 Position
https://www.mosaic.photography/,37,40,452,310,8.19%,12.9%,32.01,21.62
https://www.mosaic.photography/#community-section,0,0,24,0,0%,0%,8.5,0
https://www.mosaic.photography/#gallery-section,0,0,24,0,0%,0%,8.5,0
https://www.mosaic.photography/#our-photographers,0,0,24,0,0%,0%,8.5,0
https://www.mosaic.photography/#toolkits,0,0,24,0,0%,0%,8.5,0
https://www.mosaic.photography/faq,0,1,4,1,0%,100%,6.75,3
https://www.mosaic.photography/photographers/von-plueschow,0,0,4,0,0%,0%,13,0
https://www.mosaic.photography/photographers/moulin,0,0,4,0,0%,0%,37.75,0
https://www.mosaic.photography/about,0,1,3,1,0%,100%,2.33,2
https://www.mosaic.photography/toolkit/fine-art-america,0,0,3,0,0%,0%,3.67,0
https://www.mosaic.photography/toolkit/amazon,0,0,3,0,0%,0%,4.67,0
https://www.mosaic.photography/photographers/de-la-vaudere,0,0,3,0,0%,0%,7.67,0
https://www.mosaic.photography/photographers/holland-day,0,0,3,0,0%,0%,84.67,0
https://www.mosaic.photography/photographers/brigman,0,0,2,0,0%,0%,45.5,0
https://www.mosaic.photography/app,0,0,1,0,0%,0%,2,0
https://www.mosaic.photography/photographers/stieglitz,0,0,1,0,0%,0%,3,0
https://www.mosaic.photography/toolkit/retouch4me,0,0,1,0,0%,0%,5,0
https://www.mosaic.photography/photographers/brady,0,0,0,8,0%,0%,0,95.25