Top queries,8/24/26 - 9/11/26 Clicks,9/12/26 - 9/30/26 Clicks,8/24/26 - 9/11/26 Impressions,9/12/26 - 9/30/26 Impressions,8/24/26 - 9/11/26 CTR,9/12/26 - 9/30/26 CTR,8/24/26 - 9/11/26 Position,9/12/26 - 9/30/26 Position
vintage nude photography,5,12,64,72,7.81%,16.67%,6.66,5.93
vintage nude pictures,4,0,38,1,10.53%,0%,7.18,117
vintage nude art photography,3,0,5,0,60%,0%,24.2,0
public domain nudes,1,3,6,7,16.67%,42.86%,2.17,1.86
nudist picture archive,1,0,2,1,50%,0%,30,80
nude photography collection,1,0,1,0,100%,0%,28,0
vintage nude photos,0,0,10,6,0%,0%,56,74.5
retro nude photography,0,0,6,5,0%,0%,25.17,10.2
vintage nude photo,0,0,6,2,0%,0%,57.5,57
naked picture archive,0,0,5,0,0%,0%,9.8,0
old nude photography,0,1,4,2,0%,50%,20,5
classic nude photography,0,0,4,3,0%,0%,54.75,58
nude archive,0,0,4,3,0%,0%,62.75,75.67
nudist photo archive,0,0,4,1,0%,0%,65.75,37
nude vintage pics,0,0,3,0,0%,0%,53.33,0
vintage naked photos,0,0,3,2,0%,0%,60.67,58.5
nude in public photography,0,0,3,2,0%,0%,63.67,66.5
high quality nude art photography,0,0,3,0,0%,0%,69.67,0
nude archives,0,0,3,1,0%,0%,124.67,75
public domain nude photography,0,1,2,4,0%,25%,13,6
nude vintage picture,0,0,2,0,0%,0%,46.5,0
vintage photo nude,0,1,2,4,0%,25%,48,31.25
old nude photo,0,0,2,1,0%,0%,49.5,50
classic nude pictures,0,0,2,0,0%,0%,56.5,0
vintage nude photographs,0,0,2,0,0%,0%,56.5,0
nude photo archive,0,0,2,1,0%,0%,66.5,54
"gallery,gallery,gallery,gallery,gallery,gallery,gallery,gallery,gallery,gallery,nudist,archive",0,0,2,0,0%,0%,71,0
early nude photos,0,0,2,0,0%,0%,80.5,0
nude photo vintage,0,0,1,0,0%,0%,5,0
vintage nude photograph,0,0,1,0,0%,0%,8,0
vintage nudes pictures,0,0,1,0,0%,0%,13,0
retro nude galleries,0,0,1,0,0%,0%,48,0
antique nude photos,0,0,1,0,0%,0%,49,0
nude old photo,0,0,1,0,0%,0%,51,0
earliest nude photos,0,0,1,0,0%,0%,53,0
nude vintage gallery,0,0,1,0,0%,0%,53,0
vintage nudes pic,0,0,1,1,0%,0%,53,57
earliest nude photographs,0,0,1,0,0%,0%,54,0
oldest nude photo,0,0,1,0,0%,0%,54,0
historical nude photos,0,0,1,0,0%,0%,55,0
retro nude photos,0,0,1,0,0%,0%,57,0
retro nude pictures,0,0,1,0,0%,0%,58,0
historic nude photos,0,0,1,0,0%,0%,60,0
classic nude photos,0,0,1,1,0%,0%,63,57
artistic nude photographs,0,0,1,0,0%,0%,66,0
nude photograph,0,0,1,0,0%,0%,66,0
nude pics vintage,0,0,1,0,0%,0%,66,0
jp moulin photography,0,0,1,0,0%,0%,68,0
mosaic nude,0,0,1,0,0%,0%,69,0
photography art nude,0,0,1,0,0%,0%,75,0
nudes archives,0,0,1,0,0%,0%,76,0
explicit nude photography,0,0,1,0,0%,0%,79,0
photography nude classic iconic,0,0,1,1,0%,0%,85,75
vintage nude portrait,0,0,1,0,0%,0%,86,0
early nude photography,0,0,1,0,0%,0%,90,0
nude photography websites,0,0,1,0,0%,0%,94,0
vintage nudes photos,0,0,1,0,0%,0%,130,0
nude photography archive,0,1,0,2,0%,50%,0,3.5
nude vintage pictures,0,0,0,5,0%,0%,0,50.6
vintage nude galleries,0,0,0,2,0%,0%,0,57
matthew brady photos,0,0,0,2,0%,0%,0,90.5
mathew brady,0,0,0,2,0%,0%,0,99
nude photography history,0,0,0,1,0%,0%,0,19
nudism photo archive,0,0,0,1,0%,0%,0,33
1960s nude photography,0,0,0,1,0%,0%,0,51
vintage nudes pics,0,0,0,1,0%,0%,0,51
oldest nude pics,0,0,0,1,0%,0%,0,55
naked vintage pics,0,0,0,1,0%,0%,0,56
classic nude photo,0,0,0,1,0%,0%,0,58
nude photography vintage,0,0,0,1,0%,0%,0,58
antique nude photo,0,0,0,1,0%,0%,0,59
vintage artistic nudes,0,0,0,1,0%,0%,0,62
controversial nude photographs,0,0,0,1,0%,0%,0,66
alte akt bilder kostenlos,0,0,0,1,0%,0%,0,85
photographer matthew brady,0,0,0,1,0%,0%,0,90
mathew brady photography,0,0,0,1,0%,0%,0,96
mathew brady photographer,0,0,0,1,0%,0%,0,97
mathew b. brady,0,0,0,1,0%,0%,0,100
free vintage nudist photos,0,0,0,1,0%,0%,0,104