Top pages,5/29/26 - 6/25/26 Clicks,6/26/26 - 7/23/26 Clicks,5/29/26 - 6/25/26 Impressions,6/26/26 - 7/23/26 Impressions,5/29/26 - 6/25/26 CTR,6/26/26 - 7/23/26 CTR,5/29/26 - 6/25/26 Position,6/26/26 - 7/23/26 Position
https://www.mosaic.photography/,1,0,46,33,2.17%,0%,86.02,42.97
https://www.mosaic.photography/photographers/moulin,1,0,42,2,2.38%,0%,49.12,28
https://www.mosaic.photography/photographers/weston,0,0,69,0,0%,0%,74.19,0
https://www.mosaic.photography/photographers/de-la-vaudere,0,0,21,0,0%,0%,40.14,0
https://www.mosaic.photography/toolkit/fine-art-america,0,0,12,0,0%,0%,71.42,0
https://www.mosaic.photography/photographers/cameron,0,0,9,0,0%,0%,21.67,0
https://www.mosaic.photography/toolkit/amazon,0,0,8,0,0%,0%,71.88,0
https://www.mosaic.photography/photographers/von-bucovich,0,0,5,0,0%,0%,43.6,0
https://www.mosaic.photography/photographers/durieu,0,0,3,0,0%,0%,41,0
https://www.mosaic.photography/photographers/brigman,0,0,3,0,0%,0%,53.33,0
https://www.mosaic.photography/photographers/stieglitz,0,0,2,0,0%,0%,51.5,0
https://www.mosaic.photography/photographers/von-plueschow,0,0,0,15,0%,0%,0,73.8